Type,Name,Street,City,State,Zip,Hours of Operation,Area Served,Deliveries?,Diapers Offered?,Drive Thru?,Contact,Phone,Email,Latitude,Longitude,Accuracy Score,Accuracy Type,Number,Street,Unit Type,Unit Number,City,State,County,Zip,Country,Source
Community Meals,Centenary UMC Community Meal,438 Chenango St,Binghamton,NY,13901,Thursday 5:00pm-6:00pm,Northside Binghamton or anyone,No,No,No,Bonnie Zeggert,(607)724-3546,ccsumc438@outlook.com,42.112095,-75.90228,1,rooftop,438,Chenango St,,,Binghamton,NY,Broome County,13901,US,Broome
Community Meals,Community Meal of UPC,42 Chenango St,Binghamton,NY,13901,Tuesday 5:00pm-6:00pm,Broome County and Surrounding Areas,No,No,No,Sherry Conklin,(607)722-4219,meal@upcbgm.org,42.100059,-75.90975,1,rooftop,42,Chenango St,,,Binghamton,NY,Broome County,13901,US,Broome
Community Meals,Salvation Army Community Meal- Binghamton SK,127-131 Washington St,Binghamton,NY,13901,"Monday, Thursday & Friday 9:30am-10:30am & 4:30pm-5:30pm; Tuesday & Wednesday 9:30am-10:30am; Saturday & Sunday 4:30pm-5:30pm",All,No,Yes through Women and Girls Hygiene Pantry,No,Joseph Hansen,(607)722-2987,joseph.hansen@use.salvationarmy.org,42.098071,-75.913801,0.9,nearest_rooftop_match,131,Washington St,,,Binghamton,NY,Broome County,13901,US,Broome
Community Meals,St. Mary's of the Assumption,152 Hawley St,Binghamton,NY,13901,Saturday 12:00pm-1:00pm,Binghamton or anyone,No,No,No,Shannon Brooks,(607)723-5383,shannon_brooks2003@yahoo.com,42.098585,-75.904823,1,range_interpolation,152,Hawley St,,,Binghamton,NY,Broome County,13901,US,TIGER/Line® dataset from the US Census Bureau
Community Meals,City Church,225 Washington St,Binghamton,nY,13901,Every Thurs 5pm; Every Sun 9am,,,,,,607-723-7417,,42.101531,-75.912779,1,range_interpolation,225,Washington St,,,Binghamton,NY,Broome County,13901,US,TIGER/Line® dataset from the US Census Bureau
Community Meals,Fairview UMC Community Meal,254 Robinson St,Binghamton,NY,13904,2nd & 4th Monday 5:00pm-6:00pm,"Broome County, Binghamton School District, 13904, Eastside of Binghamton",Yes,Yes,No,Sue Boucher,(607)724-6886,sdb13903@hotmail.com,42.107847,-75.881291,1,rooftop,254,Robinson St,,,Binghamton,NY,Broome County,13904,US,Broome
Community Meals,House of Worship,93 Riverside Drive,Binghamton,NY,13905,Sunday 11:00am-12:00pm & Wednesday 4:00pm-5:00pm,13905,No,Yes,No,Frank Barnett,(607)232-8338,forgivefrank64@yahoo.com,42.091826,-75.929531,1,rooftop,93,Riverside Dr,,,Binghamton,NY,Broome County,13905,US,Broome
Community Meals,St. Michael's Community Meal,296 Clinton St,Binghamton,NY,13905,Monday 5:30pm-7:00pm,Binghamton and surrounding areas,Yes,No,No,Barbara Knighton,(607)621-6079,bknight@binghamton.edu,42.109212,-75.934457,1,range_interpolation,296,Clinton St,,,Binghamton,NY,Broome County,13905,US,TIGER/Line® dataset from the US Census Bureau
Community Meals,Tabernacle UMC meal site,83 Main St,Binghamton,NY,13905,Wednesday 5:00pm-6:30pm,Binghamton,No,No,No,Vanessa Whitmore,(607)723-8983,vhounded14@gmail.com,42.09862,-75.9174,1,range_interpolation,83,Main St,,,Binghamton,NY,Broome County,13905,US,TIGER/Line® dataset from the US Census Bureau
Community Meals,Trinity Memorial Canteen,44 main St,Binghamton,NY,13905,Sunday Bag Lunch 11:30-1:30,,,,,,,,42.099485,-75.919277,1,rooftop,44,Main St,,,Binghamton,NY,Broome County,13905,US,Broome
Community Meals,YMCA- Mens Supportive Living,61 Susquehanna St,Binghamton,NY,13901,"Breakfast: Mon-Friday 9:30-10:15; Bread Line: Monday-Friday 12-1; Dinners: M,Th.Fri, Sat,Sun 5-5:45",,,,,,,,42.095665,-75.910962,1,rooftop,61,Susquehanna St,,,Binghamton,NY,Broome County,13901,US,Broome
Community Meals,Islamic Awarness Center,74 Conklin Ave,Binghamton,NY,13903,Saturday 11-1,Community Meal Saturday 11-1 is on hold. will contact 211 when it starts back up.,,,,,607-723-0966,,42.092481,-75.908284,1,rooftop,74,Conklin Ave,,,Binghamton,NY,Broome County,13903,US,Broome
Community Meals,Southside Free Community-Conklin Ave first Baptist,91 Baldwin St,Binghamton,NY,13903,Last Monday 5:00 pm,,,,,,607-724-1252,,42.096169,-75.891703,1,rooftop,91,Baldwin St,,,Binghamton,NY,Broome County,13903,US,Broome
Community Meals,"Shepherd's Bowl, Anglican Church of the Good Shepherd",360 Conklin Ave,Binghamton,NY,13903,Every Thursday 5:30-6:30,,,,,,607-723-8032,,42.098484,-75.8822,1,rooftop,360,Conklin Ave,,,Binghamton,NY,Broome County,13903,US,Broome
Community Meals,Boulevard UMC,113 Grand Ave,Binghamton,NY,13905,"1st, 3rd & 5th Saturdays 5-5:30pm take out only",,,,,,607-797-5675,,42.109658,-75.946126,0.95,rooftop,113,Grand Blvd,,,Binghamton,NY,Broome County,13905,US,Broome
Community Meals,St Patrick's Sandwich Ministry,9 Leroy St,Binghamton,NY,13905,Daily Bagged Lunch,,,,,,607-722-1060,,42.094824,-75.920037,1,rooftop,9,Leroy St,,,Binghamton,NY,Broome County,13905,US,Broome
Community Meals,NOMA- First Congregational Church,30 Main St,Binghamton,NY,13905, Saturdays  Lunch 12:30-1:30 during Binghamton Food Rescue,All,,,,Brandi Brown,,nomanorthofmain@gmail.com,42.099159,-75.918137,1,rooftop,30,Main St,,,Binghamton,NY,Broome County,13905,US,Broome
Community Meals,Friendship Table First UMC,109 Second St,Deposit,NY,13754,Every 4th Wednesday 4:30-6PM,,,,,,607-467-4000,,42.062301,-75.424818,1,rooftop,109,2nd St,,,Deposit,NY,Broome County,13754,US,Broome
Community Meals,Central United Methodist Church Meal Site,17 Nanticoke Ave,Endicott,NY,13760,Thursday 4:30pm-6:00pm,Greater Endicott Area,No,No,Take out meals,Knud Hansen,(607)754-0882,khansen3@yahoo.com,42.097598,-76.065319,1,range_interpolation,17,Nanticoke Ave,,,Endicott,NY,Broome County,13760,US,TIGER/Line® dataset from the US Census Bureau
Community Meals,Our Lady of Good Counsel,701 W Main St,Endicott,NY,13760,Friday's 5:30-6:30,Greater Endicott Area,,,,,,,42.092956,-76.079514,1,rooftop,701,W Main St,,,Endicott,NY,Broome County,13760,US,Broome
Community Meals,Endwell UMC Community Meal,3301 Watson Blvd,Endwell,NY,13760,Monday 3:00pm-5:00pm,"Endwell, Endicott, Johnson City",Yes,No,No,David Alexander,(607)754-5735,dalexander4@stny.rr.com,42.111092,-76.021968,1,rooftop,3301,Watson Blvd,,,Endicott,NY,Broome County,13760,US,Broome
Community Meals,First Presbyterian Church,2 Main St,Johnson City,NY,13790,"Wednesday 5:00pm-6:00pm, doors open at 4:30",,,"Hygiene products, Safe Showers (by appt)",,,607-797-0836,,42.111172,-75.945584,1,rooftop,2,Main St,,,Johnson City,NY,Broome County,13790,US,Broome
Community Meals,All Saints Episcopal Church,475 Main St,Johnson City,NY,13790,Every Saturday 12-1PM,All Welcome,No,No,No,Debbie Thorpe,607-797-3354,dthorpe@stny.rr.com,42.115555,-75.96552,1,range_interpolation,475,Main St,,,Johnson City,NY,Broome County,13790,US,TIGER/Line® dataset from the US Census Bureau
Community Meals,Whitney Point UMC,7313 Collins St,Whitney Point,NY,13862,2nd & last Thursday 4:30-6PM,You must call to pre-register,,,,,607-692-3638,,42.32783,-75.965746,1,range_interpolation,7313,Collins St,,,Whitney Point,NY,Broome County,13862,US,TIGER/Line® dataset from the US Census Bureau
Community Meals,MOW for Western Broome County,705 West Main St,Endicott,NY,13760,,"Serving Endicott, Endwell, Vestal, Johnson City, and Maine, NY",Yes,,,View,607-754-7856,,42.092724,-76.079887,1,rooftop,705,W Main St,,,Endicott,NY,Broome County,13760,US,Broome
Community Meals,MOW Broome County,60 Hawley St.,Binghamton,NY,13901,,,Yes,,,,607-778-2411,ofa@broomecountyny.gov,42.096552,-75.910755,1,rooftop,60,Hawley St,,,Binghamton,NY,Broome County,13901,US,Broome
Community Meals,Mt. Sinai Church,126 South Washington St,Binghamton,NY,13903,Every Wednesday 3-5PM,Broome County,,,,,607-723-2361,,42.083054,-75.912874,1,rooftop,126,S Washington St,,,Binghamton,NY,Broome County,13903,US,Broome
Community Meals,Sarah Jane Johnson Lord's Supper,308 Main St.,Johnson City,NY,13790,"Every Tuesday , Dine in or Take Out, 5:00-5:30PM",All,Free Bikes - website,"yes, call 607-797-3938",Dine In/Take Out,,607-797-3938,www.sarahjaneschurch.org,42.115587,-75.957854,1,rooftop,308,Main St,,,Johnson City,NY,Broome County,13790,US,Broome
Food Pantries,Catherine's Cupboard,1031 Chenango St,Binghamton,NY,13901,"1st & 3rd Tuesday 5:30pm-7:00pm, or until all are served",Broome County,No,No,No,Bev Krinik,(607)722-4388,bevkrinik@aol.com,42.14491,-75.890855,1,rooftop,1031,Chenango St,,,Binghamton,NY,Broome County,13901,US,Broome
Food Pantries,Lee Barta,108 Liberty St,Binghamton,NY,13901,Wednseday 10:30am - 1:00pm,"Northside of Binghamton, Roosevelt Elementary, 13901",No,Yes,No,Jacob Rotary,607-238-1005,Jrotary@uwbroome.org,42.109163,-75.89955,1,rooftop,108,Liberty St,,,Binghamton,NY,Broome County,13901,US,Broome
Food Pantries,Salvation Army FP- Binghamton,127-131 Washington St,Binghamton,NY,13901,Monday-Friday 10:00am-12:30pm,Binghamton and surrounding areas,No,No,No,Heather Main,(607)722-2987,Heather.Main@USE.SalvationArmy.Org,42.098071,-75.913801,0.9,nearest_rooftop_match,131,Washington St,,,Binghamton,NY,Broome County,13901,US,Broome
Food Pantries,Valley Christian Church,1452 River Rd,Binghamton,NY,13901,Wednesday 5:00pm-6:00pm,Broome County,No,No,No,Al Vos,(607)754-6302,alvin.vos@gmail.com,42.197781,-75.854831,1,rooftop,1452,River Rd,,,Binghamton,NY,Broome County,13901,US,Broome
Food Pantries,City Church,225 Washington St,Binghamton,NY,13901,2nd & 4th Thursday 5-6,"Broome County, CHOW",,,,,607-723-7417,,42.101531,-75.912779,1,range_interpolation,225,Washington St,,,Binghamton,NY,Broome County,13901,US,TIGER/Line® dataset from the US Census Bureau
Food Pantries,Community Pantry of UPC,42 Chenango St,Binghamton,NY,13901,Wednesday 12:00pm-5:00pm,Broome County and Surrounding Areas,No,Yes,No,Sherry Conklin,(607)722-4219,meal@upcbgm.org,42.100059,-75.90975,1,rooftop,42,Chenango St,,,Binghamton,NY,Broome County,13901,US,Broome
Food Pantries,Broome County Urban League,43-45 Carrol St,Binghamton,NY,13901,Lists CHOW as a partner but could not find pantry on site,,,,,,,,42.096893,-75.906879,0.9,nearest_rooftop_match,45,Carroll St,,,Binghamton,NY,Broome County,13901,US,Broome
Food Pantries,Centenary UMC Food Pantry,438 Chenango St,Binghamton,NY,13901,Thursday 5:00pm-6:00pm,Northside Binghamton or anyone,No,No,No,Eleanor Stethers,(607)724-3546,estethers55@gmail.com,42.112095,-75.90228,1,rooftop,438,Chenango St,,,Binghamton,NY,Broome County,13901,US,Broome
Food Pantries,Citizen Action,477 State St,Binghamton,NY,13901,,,,,,,,,42.108979,-75.903675,1,rooftop,477,State St,,,Binghamton,NY,Broome County,13901,US,Broome
Food Pantries,YMCA- Mens Supportive Living,61 Susquehanna St,Binghamton,NY,13901,Mon-Friday 10-2:00pm,,,,,,,,42.095665,-75.910962,1,rooftop,61,Susquehanna St,,,Binghamton,NY,Broome County,13901,US,Broome
Food Pantries,Community Baptist,743 Chenango St,Binghamton,NY,13901,Mon & Tues 5-6 pm,,,,,,607-723-1332,,42.134503,-75.896541,1,rooftop,743,Chenango St,,,Binghamton,NY,Broome County,13901,US,Broome
Food Pantries,The Landmark Church,126 Court St,Binghamton,NY,13902,4th Sat 8-10AM,,,,,,607-723-1127,,42.09919,-75.909048,1,range_interpolation,126,Court St,,,Binghamton,NY,Broome County,13901,US,TIGER/Line® dataset from the US Census Bureau
Food Pantries,Binghamton University Food Pantry,4400 Vestal Parkway East - Iroquois Commons CIW Dining Hall,Binghamton,NY,13902,Monday - Friday 10AM-5:00PM,Binghamton University and Broome County       Students order online:  https://cglink.me/2eQ/s84255,No,No,No,matthew Pangburn & Alex Marone,(607)777-4668,"bpantry@binghamton.edu, mpangbu2@binghamton.edu, amarton2@binghamton.edu",42.088861,-75.966873,1,rooftop,4400,Vestal Pkwy E,,,Binghamton,NY,Broome County,13902,US,Broome
Food Pantries,Binghamton University Food Pantry - Satellite Health Science,Health Sciences Campus (HSC) Pharmacy Building room 121,Johnson City,NY,13790,"Monday and Wednesday 12:00-1:00, Friday 11-12",Students order online:  https://cglink.me/2eQ/s84255,,,,Amanda Padwa,,apadwa@binghamton.edu,42.11563,-75.95881,1,place,,,,,Johnson City,NY,Broome County,13790,US,TIGER/Line® dataset from the US Census Bureau
Food Pantries,Binghamton University Food Pantry - Satellite University Downtown,University Downtown Campus (UDC) Downtown Center room 448,Binghamton,NY,13902,"Monday & Thursday 9:30-12:00, Tuesday 3:00 - 5:00 PM, Wednesday 10AM-3:00PM, Friday, 10AM-4:00PM",Students order online: https://cglink.me/2eQ/s84255,,,,Stacy Marrow,,smarrow@binghamton.edu,42.088824,-75.968883,1,place,,,,,Binghamton,NY,Broome County,13902,US,TIGER/Line® dataset from the US Census Bureau
Food Pantries,Loaves and Fishes Food Pantry - Binghamton,25 1/2 Mill St,Binghamton,NY,13903,Monday & Wednesday 11:00am-1:00pm,Binghamton South Side/School District,No,No,No,Carol Breehey,(607)724-5304,cbreehey@stny.rr.com,42.0908,-75.906385,1,rooftop,25 1/2,Mill St,,,Binghamton,NY,Broome County,13903,US,Broome
Food Pantries,Traci Cares-Ben Franklin elementary,262 Conklin Ave,Binghamton,NY,13903,Tues. 12:30-3:00 & Friday 8:00 AM - 11:00 AM,,,,,,607-762-8340,,42.094736,-75.890955,1,rooftop,262,Conklin Ave,,,Binghamton,NY,Broome County,13903,US,Broome
Food Pantries,Islamic Awarness Center,74 Conklin Ave,Binghamton,NY,13903,Saturday 11-1,,,,,,607-723-0966,,42.092481,-75.908284,1,rooftop,74,Conklin Ave,,,Binghamton,NY,Broome County,13903,US,Broome
Food Pantries,Conklin Ave Baptist,91 Baldwin St,Binghamton,NY,13903,"Monday 12-1, Wednesday 12-1, Fri. 12-1",,,,,,607-724-1252,,42.096169,-75.891703,1,rooftop,91,Baldwin St,,,Binghamton,NY,Broome County,13903,US,Broome
Food Pantries,Project Concern,23 Kattelville Rd,Binghamton,NY,13904,"Monday, Tuesday, Thursday 12:00pm-4:00pm & Saturday 9:00am-12:00pm",Broome and Surrounding Counties,No,Yes,No,Linda Walsh,(607)648-2492,mother.walsh@gmail.com,42.171484,-75.873384,1,rooftop,23,Kattelville Rd,,,Binghamton,NY,Broome County,13901,US,Broome
Food Pantries,Fairview UMC Food Pantry,254 Robinson St,Binghamton,NY,13904,1st & 3rd Monday 4:00pm-5:30pm; 1st & 3rd Wed 11:30-12:30; Diaper Giveaway 1st Wed. 11:30-12:30,"Primarily east side of Binghamton, Binghamton School District, Binghamton, NY 13904",No,Yes,No,Karen Gdovin,(607)724-6886,krgdo@aol.com,42.107847,-75.881291,1,rooftop,254,Robinson St,,,Binghamton,NY,Broome County,13904,US,Broome
Food Pantries,East Side Congregation,282 Robinson St,Binghamton,NY,13904,Monday & Wednesday 10:30am-11:30am,13904,No,No,No,Sue Frost,(607)765-2698,slfrosty115@gmail.com,42.108127,-75.878285,1,rooftop,282,Robinson St,,,Binghamton,NY,Broome County,13904,US,Broome
Food Pantries,BCC - SUNY BROOME FOOD PANTRY,907 Front St,Binghamton,NY,13905,"Located at AT-120 on campus. Monday � Thursday 8:00 am � 8:00 pm, & Fridays 8:00 am � 6:00 pm",,,,,Dr. Mike Wagner,(607) 778-5540.,,42.16913,-75.88737,1,range_interpolation,907,Front St,,,Binghamton,NY,Broome County,13905,US,TIGER/Line® dataset from the US Census Bureau
Food Pantries,C.C. Broome/100 Main Street Food Pantry,100 Main St,Binghamton,NY,13905,"9-11:30 and 1-3:30 Monday, Wednesday, Thursday and Friday and 1-3:30 Tuesday.",Broome,Yes,Yes,No,Michelle Dow,(607)723-4563,mdow@CCBC.net,42.100977,-75.925671,1,rooftop,100,Main St,,,Binghamton,NY,Broome County,13905,US,Broome
Food Pantries,Boulevard UMC,113 Grand Ave,Binghamton,NY,13905,Tue & Friday 12:30-2:30,,,,,,607-797-5675,,42.109658,-75.946126,0.95,rooftop,113,Grand Blvd,,,Binghamton,NY,Broome County,13905,US,Broome
Food Pantries,Greater Faith & Deliverance Ministries,219 Oak St,Binghamton,NY,13905,,,,,,Susan Haywood,910-431-9466,,42.108343,-75.917022,1,rooftop,219,Oak St,,,Binghamton,NY,Broome County,13905,US,Broome
Food Pantries,S.T.A.P. Southern Tier AIDS Program,"Carriage House on Oak st behind main building, 22 Riverside Dr",Binghamton,NY,13905,Tuesday 10:00am-5:00pm,Broome and Surrounding Counties,No,Yes,No,Billie Jo Wilmot,(607)798-1706,bwilmott@stapinc.org,42.173709,-75.922159,0.5,place,,,,,Binghamton,NY,Broome County,13905,US,TIGER/Line® dataset from the US Census Bureau
Food Pantries,Stepping Stone Drop In,277 Front St,Binghamton,NY,13905,Could not find info on pantry on site,,,,,,,,42.108179,-75.915107,1,rooftop,277,Front St,,,Binghamton,NY,Broome County,13905,US,Broome
Food Pantries,St. Michael's Orthodox Church Pantry,296 Clinton St,Binghamton,NY,13905,The last Saturday of every month from noon - 2:00 pm,Binghamton and surrounding areas,Yes,Yes,No,Barbara Knighton,(607)621-6079,homeinteriors@binghamton.edu,42.109212,-75.934457,1,range_interpolation,296,Clinton St,,,Binghamton,NY,Broome County,13905,US,TIGER/Line® dataset from the US Census Bureau
Food Pantries,St. Patrick's Roman Catholic Church,58 Oak St,Binghamton,NY,13905,"Monday, Wednesday & Friday 11:00am-1:00pm","Broome County, CHOW",No,No,No,Jim Wolf,(607)760-7745,jwolf@binghamton.edu,42.094636,-75.920588,1,rooftop,58,Oak St,,,Binghamton,NY,Broome County,13905,US,Broome
Food Pantries,Redeemer Lutheran Food Pantry,72 Main St,Binghamton,NY,13905,Every Last Saturday 1-2:30PM,,,,,,607-722-1029,,42.100022,-75.922431,1,rooftop,72,Main St,,,Binghamton,NY,Broome County,13905,US,Broome
Food Pantries,Salvation Temple Church,83-87 Walnut St,Binghamton,NY,13905,1st & 3rd Saturday: 12-3pm/ Every Sunday 12-3pm,"Broome County, CHOW",,,,Diane,607-374-9110,ministerdiane99@gmail.com,42.100224,-75.923512,0.9,nearest_rooftop_match,83,Walnut St,,,Binghamton,NY,Broome County,13905,US,TIGER/Line® dataset from the US Census Bureau
Food Pantries,Temple Concord,9 Riverside Dr,Binghamton,NY,13905,Thursday 5:30pm-7:00pm,Broome County,No,No,No,Phyllis Kellenberger,(607)723-7355,pweinste@stny.rr.com,42.092391,-75.921432,1,rooftop,9,Riverside Dr,,,Binghamton,NY,Broome County,13905,US,Broome
Food Pantries,St Patrick's,9 Leroy St,Binghamton,NY,13905,"Mon 4-6, wed/Fri 11:30-1:30","CHOW, call CHOW for referral",,,,,607-722-1060,,42.094824,-75.920037,1,rooftop,9,Leroy St,,,Binghamton,NY,Broome County,13905,US,Broome
Food Pantries,St. Marks,728 River Rd,Chenango Bridge,NY,13745,11-12 Tuesday-Thursday,"Broome County, CHOW",No,No,No,Irma Thrall,607-648-8193,ithrall@stny.rr.com,42.362486,-75.390872,0.8,range_interpolation,728,River Rd,,,Mount Upton,NY,Otsego County,13809,US,TIGER/Line® dataset from the US Census Bureau
Food Pantries,Deposit Food Pantry,91 Second St,Deposit,NY,13754,Thursday 3-6PM,,,,,Kelly Short,607-746-1685,,42.061769,-75.426588,1,rooftop,91,2nd St,,,Deposit,NY,Broome County,13754,US,Broome
Food Pantries,St. Anthony Food Pantry,906 Jenkins St. (East Parking Lot),Endicott,NY,13760,Tuesday 10:00am-11:45am & 5:30pm-6:45pm Thursday 10:00am-11:45am,13760,No,No,No,Nick Diles,(607)754-4333,stanthonyfoodpantry@stny.rr.com,42.112444,-76.051741,1,rooftop,906,Jenkins St,,,Endicott,NY,Broome County,13760,US,Broome
Food Pantries,Family Support Center - UE schools district office,1100 E Main St,Endicott,NY,13760,"Wed 5-6:30pm, Thurs 12-1, Friday 12-1  ",,,,,,607-757-2501,,42.096884,-76.050765,1,rooftop,1100,E Main St,,,Endicott,NY,Broome County,13760,US,Broome
Food Pantries,St. Paul's Episcopal Church Pantry,200 Jefferson Ave,Endicott,NY,13760,3rd & 4th Monday & Wednesday 11:00am-1:00pm,Broome County,No,Yes,No,Mary Cermak,(607)759-0808,mwc4764@gmail.com,42.100133,-76.05067,1,rooftop,200,Jefferson Ave,,,Endicott,NY,Broome County,13760,US,Broome
Food Pantries,Union Presbyterian Church Pantry,202 East Main St,Endicott,NY,13760,Wednesday 4:00pm-6:00pm,Broome County and Tioga County,No,Yes,No,Sara Wokan,(607)765-2267,sara.wokan@gmail.com,42.094762,-76.063143,1,rooftop,202,E Main St,,,Endicott,NY,Broome County,13760,US,Broome
Food Pantries,C.C. Broome/Mother Teresa's Cupboard,202 Garfield Ave,Endicott,NY,13760,"Monday, Wednesday & Friday 9:00am-2:30pm",Broome County,Yes,Yes,No,Tracie Layton,(607)741-0011,tlayton@ccbc.net,42.100311,-76.047086,1,rooftop,202,Garfield Ave,,,Endicott,NY,Broome County,13760,US,Broome
Food Pantries,Our Lady of Good Counsel,701 W Main St,Endicott,NY,13760,Tuesdays & Thursdays 9am-3pm,"Has a garden, fresh produce April-Sept.",,,,,607-748-7417,,42.092956,-76.079514,1,rooftop,701,W Main St,,,Endicott,NY,Broome County,13760,US,Broome
Food Pantries,Union Center Christian Church,950 Boswell Hill Rd,Endicott,NY,13760,Every Tuesday: 4:00-6:30,"Broome County, CHOW",,,,Church,607-754-8222,,42.151771,-76.072942,1,rooftop,950,Boswell Hill Rd,,,Endicott,NY,Broome County,13760,US,Broome
Food Pantries,Northminster Presbyterian Church Pantry,711 Farm to Market Rd,"Endwell, NY",NY,13760,Tuesday 6:00pm-7:00pm & Friday 12:00pm-1:00pm,"Endwell, Endicott, Johnson City",No,No,No,Ron Feduke,(607)754-0746,rfeduke@stny.rr.com,42.126748,-76.02455,1,rooftop,711,Farm To Market Rd,,,Endicott,NY,Broome County,13760,US,Broome
Food Pantries,Colesville Community Pantry,28 King Rd,Harpursville,NY,13787,1st & 3rd Tuesday 10:00am-12:00pm & 4:30pm-6:30pm,Town of Colesville and Harpursville central school district.,No,Yes,No,Sharen Guokas,607-349-8940 ,frecklesny1@gmail.com,42.184352,-75.632799,1,rooftop,28,King Rd,,,Harpursville,NY,Broome County,13787,US,Broome
Food Pantries,First Presbyterian Church,2 Main St,Johnson City,NY,13790,"Monday, Tuesday, Wednesday 10AM-2PM Ring Bell for Service.  Thursday call 607-797-0836 to set up an appt.",,,,,Amy Abbey,607-797-0836,,42.111172,-75.945584,1,rooftop,2,Main St,,,Johnson City,NY,Broome County,13790,US,Broome
Food Pantries,Faith Evangalistic Church,227 Grand Ave,Johnson City,NY,13790,1st & 3rd Sunday: 1pm-3pm,"Broome County, CHOW",,,,,,,42.11052,-75.958481,1,rooftop,227,Grand Ave,,,Johnson City,NY,Broome County,13790,US,Broome
Food Pantries,Wildcat Food and Clothing Center - JSHS,666 Reynolds St,Johnson City,NY,13790,Tues/Thurs 11-1; 2nd & 4th Thurs 4-6,,,,,,607-930-1662,,42.13453,-75.968664,1,rooftop,666,Reynolds Rd,,,Johnson City,NY,Broome County,13790,US,Broome
Food Pantries,Calvary Community Church,780 Harry L Dr,Johnson City,NY,13790,Every Tuesday: 11-12,"Broome County, CHOW",,,,,607-729-7777,,42.12134,-75.979907,1,rooftop,780,Harry L Dr,,,Johnson City,NY,Broome County,13790,US,Broome
Food Pantries,St Mary's,975 Rt 11,Kirkwood,NY,13795,Tue & Thurs 5:30-6:30,,,,,,,,42.086319,-75.818158,1,rooftop,975,State Rte 11,,,Kirkwood,NY,Broome County,13795,US,Broome
Food Pantries,Maine Federated Church,2615 Main St,Maine,NY,13802,Tues & Thurs 9-11 Wed 3-5,"Broome County, CHOW",,,,,607-862-3387,,42.196079,-76.060322,1,rooftop,2615,Main St,,,Maine,NY,Broome County,13802,US,Broome
Food Pantries,St. Joseph's Church,659 NYS Rt 7B,Port Crane,NY,13833,By Appt. only All Food by donations,,,,,,607-648-8341,,42.160244,-75.781304,1,rooftop,659,State Rte 7B,,,Port Crane,NY,Broome County,13833,US,Broome
Food Pantries,Vestal Food Pantry-Vestal High School,205 Woodlawn Dr,Vestal,NY,13850,Wed 4-6pm,,,,,,607-757-2214,,42.085813,-76.045877,1,rooftop,205,Woodlawn Dr,,,Vestal,NY,Broome County,13850,US,Broome
Food Pantries,Our Lady of Sorrows Church Food Pantry,801 Main St,Vestal,NY,13850,Tuesday 12:00pm-2:00pm Thursday 4:00pm-7:00pm Saturday 9:00am-12:00pm,Vestal school district area/other areas of Broome county,Yes - Limited,Yes,No,Julie Slattery,(607)785-3214,pantry@olsvestal.org,42.075349,-76.048119,1,rooftop,801,Main St,,,Vestal,NY,Broome County,13850,US,Broome
Food Pantries,Whitney Point St. Patricks,59 Keibel Rd,Whitney Point,NY,13862,Mon-Thurs & Sat 10-12; Thurs 6-8,,,,,Church,607-692-3911,,42.341807,-75.975793,0.86,range_interpolation,59,Keibel Road Ct,,,Whitney Point,NY,Broome County,13862,US,TIGER/Line® dataset from the US Census Bureau
Food Pantries,First United of Windsor,56 Chapel St,Windsor,NY,13865,Tuesday 9:30am-12:00pm,"Windsor, Deposit, Harpursville",No,No,"No, but will bring food out",Jill Skinner,"(607) 761-2312, church # 607-655-1791",skinnertmja@tds.net,42.075847,-75.643431,1,rooftop,56,Chapel St,,,Windsor,NY,Broome County,13865,US,Broome
Food Pantries,Windsor Human Development,594 Kent St,Windsor,NY,13865,"Tuesday, Thursday & Friday 11:30am-3:30pm Wednesday 12:00am-6:00pm Saturday 1:00pm-4:00pm PLEASE FEEL FREE TO CALL 607-444-1480.",No restrictions- Call for emergency needs.,Yes- extensive,Yes,"Drive up to tables, volunteers will load if needed.",Bridgette VanNorman,(607)444-1480,brdvannorman@gmail.com,42.070084,-75.64276,1,rooftop,594,Kent St,,,Windsor,NY,Broome County,13865,US,Broome
Food Pantries,Union Center United Methodist Church,128 Maple Dr,Endicott,NY,13760,Every Thursday 3:30-6:00pm and every 3rd Saturday 10:00AM-12:00PM,,"Yes, call 607-748-6329",Yes,"No, but yes for MFP see that tab",,607-748-6329,,42.153317,-76.070545,1,rooftop,128,Maple Dr,,,Endicott,NY,Broome County,13760,US,Broome
Food Pantries,St. James,130 Main St.,Johnson City,NY,13790,Monday-Saturday 12-2PM,"Broome County, CHOW",CHOW,,,Hope Matthews,607-729-6147,,42.113044,-75.950509,1,rooftop,130,Main St,,,Johnson City,NY,Broome County,13790,US,Broome
Food Pantries,Chenango Valley School,221 Chenango Bridge Rd,Binghamton,NY,13901,Call or Text Jackie DeAngelo 607-240-3177 for a confidential request,CV Communiny,Call for request,Call for request,,Jackie DeAngelo,607-240-3177,jdeangelo@cvcsd.stier.org,42.162602,-75.872486,1,rooftop,221,Chenango Bridge Rd,,,Binghamton,NY,Broome County,13901,US,Broome
Food Pantries,St. Cyril's Church,148 Clinton St.,Binghamton,NY,13905,Monday-Friday 10:00AM 12:30PM,All,No,Clothing and Hygiene,No,,607-724-1372,,42.105972,-75.924774,1,rooftop,148,Clinton St,,,Binghamton,NY,Broome County,13905,US,Broome
Food Pantries,Tracy Creek Memorial Church,4 Knight Rd.,Vestal,NY,13850,Every Third Saturday 11:00AM-12:00PM Drive up service,,,,Yes,,607-785-0044,tcmc@tcmcvestal.org,42.04519,-76.083924,1,rooftop,4,Knight Rd,,,Vestal,NY,Broome County,13850,US,Broome
Food Pantries,Susquehanna Valley School,1168 Conklin Ave.,Conklin,NY,13748,Serving only SVCSD School District families.  Please call Stacey Stilloe 607-775-9149 or email:  sstilloe@svsabers.org,,,,,Stacey Martin-Stilloe,607-775-9149,webmaster@svsabers.org,42.061429,-75.810356,0.95,rooftop,1168,Conklin Rd,,,Conklin,NY,Broome County,13748,US,Broome
Food Pantries,Binghamton Food Rescue,30 Main St.,Binghamton,NY,13905,Every Saturday 1:30-2:30 UCC First Congregational Church,All,,,,,,Binghamtonfoodrescue@gmail.com,42.099159,-75.918137,1,rooftop,30,Main St,,,Binghamton,NY,Broome County,13905,US,Broome
Food Pantries,Good Neighbors at Memorial Park Baptist Church,1013 Front St.,Vestal,NY,13850,Call for food: Krista Callis 607-444-2448,"Anyone, anytime",No,No,No,,,,42.080359,-76.069473,1,rooftop,1013,Front St,,,Vestal,NY,Broome County,13850,US,Broome
Food Pantries,Sunflower Park Pantry,185 Murray St.,Binghamton,NY,13905,In the Pavilion April-December every Friday at 10:30AM,All Welcome,No,No,No,Mary Lou,,Marylour2007@aol.com,42.106257,-75.919326,1,rooftop,185,Murray St,,,Binghamton,NY,Broome County,13905,US,Broome
Food Pantries,First UMC of Kirkwood- Café Bounty,155 Main st.,Kirkwood,NY,13795,Starting May 3rd- September. Every Wednesday 4:40-6 PM,All Welcome,No,No,No,Joan Drew,607-775-2768. CHOW Hotline 607-723-8960,,42.030114,-75.793554,0.9,nearest_rooftop_match,158,Main St,,,Kirkwood,NY,Broome County,13795,US,Broome
Food Pantries,Christ Episcopal Church,10 Henry St.,Binghamton,NY,13901,Mon/Wed/Fri/ the last 2 weeks of the month,"Broome County, CHOW",No,No,No,,607-722-2308,,42.100419,-75.913445,1,rooftop,10,Henry St,,,Binghamton,NY,Broome County,13901,US,Broome
Food Pantries,All Saints Episcopal,475 Main St.,Johnson City,NY,13790,CHOW Monday-Saturday 12-2,,No,No,No,,607-797-3354,,42.115555,-75.96552,1,range_interpolation,475,Main St,,,Johnson City,NY,Broome County,13790,US,TIGER/Line® dataset from the US Census Bureau
Food Pantries,Addiction Center of Broome County,30 W. State St.,Binghamton,NY,13901,Monday-Thursday 10AM - 3 PM,Broome County,Yes,No,No,Becka Moore,(607)723-7308,bmoore@acbcservices.org,42.108813,-75.904848,1,rooftop,30,W State St,,,Binghamton,NY,Broome County,13901,US,Broome
Mobile Food Pantries,Redeemer Lutheran/Trinity Memorial Church MFP,44 Main St,Binghamton,NY,13905,"@ Trinity 2nd Tuesday, 10-11am",Anyone No registration required: https://www.foodbankst.org/cfd-form/,No,No,No,Alice & MaryLou,607-722-1029,,42.099485,-75.919277,1,rooftop,44,Main St,,,Binghamton,NY,Broome County,13905,US,Broome
Mobile Food Pantries,Conklin Mobile Food Pantry @ Maine Community Center,959 Conklin Rd,Conklin,NY,13748,"3rd Monday of most months, 10-11am Schedule here: https://docs.google.com/spreadsheets/d/1jjbzI-NwX4wr4L-6dd2SH-Ra05X-H_4lBJz1KGwTPsA/edit?usp=sharing",Anyone Pre-registration required: https://www.foodbankst.org/cfd-form/,No,No,Yes,Bill Krasowsky,,,42.085623,-75.829073,1,rooftop,959,Conklin Rd,,,Conklin,NY,Broome County,13748,US,Broome
Mobile Food Pantries,Deposit Mobile Food Pantry @ Deposit Central School,171 2nd St,Deposit,NY,13754,Varies Schedule here: https://docs.google.com/spreadsheets/d/1jjbzI-NwX4wr4L-6dd2SH-Ra05X-H_4lBJz1KGwTPsA/edit?usp=sharing,Anyone Pre-registration required: https://www.foodbankst.org/cfd-form/,No,No,Yes,,,,42.066755,-75.41901,1,rooftop,171,2nd St,,,Deposit,NY,Delaware County,13754,US,"NYS GIS Program Office, State Geographic Information Officer (GIO)"
Mobile Food Pantries,Endwell Mobile Food Pantry @ Endwell UMC Church,3301 Watson Blvd,Endwell,NY,13760,"1st Monday of most months, 10-11am Schedule here",Anyone Pre-registration required: https://www.foodbankst.org/cfd-form/,Yes,No,Yes,Dave Alexander,(607) 754-5735,,42.111092,-76.021968,1,rooftop,3301,Watson Blvd,,,Endicott,NY,Broome County,13760,US,Broome
Mobile Food Pantries,Whitney Point Mobile Food Pantry @ Broome County Fairgrounds,NY Rt 11,Whitney Point,NY,13862,"2nd Wednesday of most months, 10-11am Schedule here: https://docs.google.com/spreadsheets/d/1jjbzI-NwX4wr4L-6dd2SH-Ra05X-H_4lBJz1KGwTPsA/edit?usp=sharing",Anyone Pre-registration required: https://www.foodbankst.org/cfd-form/,No,No,Yes,,,,42.336989,-75.98654,0.7,street_center,,County Rd 61,,,Whitney Point,NY,Broome County,13862,US,TIGER/Line® dataset from the US Census Bureau
Mobile Food Pantries,Binghamton Plaza Mobile Food Pantry @Kmart Plaza,33 W. State St.,Binghamton,NY,13901,4th Tuesday. Schedule here: https://docs.google.com/spreadsheets/d/1jjbzI-NwX4wr4L-6dd2SH-Ra05X-H_4lBJz1KGwTPsA/edit?usp=sharing,Anyone Pre-registration required: https://www.foodbankst.org/cfd-form/,No,No,Yes,Georgette Long,,,42.110183,-75.906461,1,rooftop,33,W State St,,,Binghamton,NY,Broome County,13901,US,Broome
Mobile Food Pantries,St. Mary's Rec Center parking lot Mobile Food Pantry,152 Hawley St,Binghamton,NY,13901,Every First Tuesday each month 10:00 AM - 11:00 AM ,"Anyone.  Pre-registration is preferred. However, you can just show up and register. ",No,No,No - Walk up,Sarah Hauer,,,42.098585,-75.904823,1,range_interpolation,152,Hawley St,,,Binghamton,NY,Broome County,13901,US,TIGER/Line® dataset from the US Census Bureau
Shelters,"Volunteers of America, Western New York, Inc.",320 Chenango St,Binghamton,NY,13901,Monday - Sunday 24 hours,Broome County,No,No,No,Alicia Davis,(607)772-1156,adavis@voaupny.org,42.107745,-75.903675,1,range_interpolation,320,Chenango St,,,Binghamton,NY,Broome County,13901,US,TIGER/Line® dataset from the US Census Bureau
Shelters,Binghamton Rescue Mission,56-58 Whitney Ave,Binghamton,NY,13901,,,,,,,(607)201-1030,,42.10964,-75.895708,0.9,nearest_rooftop_match,56,Whitney Ave,,,Binghamton,NY,Broome County,13901,US,Broome
Shelters,Fairview-Voices,340 Prospect St,Binghamton,NY,13905,Rehab Facility - call for info,,,,,,607-821-7811,,42.116433,-75.941561,1,rooftop,340,Prospect St,,,Binghamton,NY,Broome County,13905,US,Broome
Shelters,RISE-NY,1201 E Main St,Endicott,NY,13760,Monday-Friday 8:30-4:30,Broome county for domestic violence victims/survivors,No,No,No,Nicole Barren,(607)786-3540 CALL 24/7,nbarren@rise-ny.org,42.09866,-76.048823,1,rooftop,1201,E Main St,,,Endicott,NY,Broome County,13760,US,Broome
Shelters,YMCA- Mens Supportive Living,61 Susquehanna St.,Binghamton,NY,13901,,,,,,Collin Elliott,607-722-0560 ext 336,,42.095665,-75.910962,1,rooftop,61,Susquehanna St,,,Binghamton,NY,Broome County,13901,US,Broome
Shelters,YWCA,80 Hawley St.,Binghamton,NY,13901,,,,,,,607-772-0340,,42.097106,-75.909817,1,rooftop,80,Hawley St,,,Binghamton,NY,Broome County,13901,US,Broome
Blessing Boxes,Girl Scouts Troop 30392,"403 E. Main St, Round Hill Masons Lodge",Endicott,NY,13760,24/7 Blessing Box - walk up,All Welcome,,,,Amanda Smith,,amandahelaine27@yahoo.com,42.095328,-76.060114,1,rooftop,403,E Main St,,,Endicott,NY,Broome County,13760,US,Broome
Blessing Boxes,ACBC Blessing Box,30 W. State St,Binghamton,NY,13901,24/7 Blessing Box - Supplied by Good Neighbors and Aliza Spencer Blessing Box,,No,No,No,,,,42.108813,-75.904848,1,rooftop,30,W State St,,,Binghamton,NY,Broome County,13901,US,Broome
Blessing Boxes,PR Blessing Box,3202 Marne Ave,"Endwell, NY",NY,13760,"24/7 walk up pantry, call OR FB message for care package",All welcome: Facebook page: https://www.facebook.com/groups/1647388005702696,No,No,No,Nicole Robinson,607-348-8888,nicolephil124@gmail.com,42.105628,-76.022316,1,rooftop,3202,Marne Ave,,,Endicott,NY,Broome County,13760,US,Broome
Blessing Boxes,Friends in Need Blessing Box,3145 Stewart Rd. Lot G1,Vestal,NY,13850,"24/7 walk up pantry, call OR FB message for care package",All Welcome: Facebook page: https://www.facebook.com/groups/561239215728488,May deliver care packages,No,No,Deanna Giordani,607-308-1416,1983pugsley1@gmail.com,42.097861,-76.001461,1,rooftop,3145,Stewart Rd,Unit,1,Vestal,NY,Broome County,13850,US,Broome
Blessing Boxes,Friends in Need Blessing Box,200 Rano Blvd,Vestal,NY,13850,"24/7 walk up pantry, call OR FB message for care package",All Welcome: Facebook page: https://www.facebook.com/groups/561239215728488,May deliver care packages,No,No,Deanna Giordani,607-308-1416,1983pugsley1@gmail.com,42.092714,-76.004638,1,rooftop,200,Rano Blvd,,,Vestal,NY,Broome County,13850,US,Broome
Blessing Boxes,Little Free Pantry-Marie Lynch Memorial Park,2098 River St.,Lisle,NY,13797,24/7 walk up Pantry,"Anyone, anytime",No,No,No,Jen Mullen,607-821-8357,,42.348896,-76.000715,1,rooftop,2098,River St,,,Lisle,NY,Broome County,13797,US,Broome
Blessing Boxes,Aliza Spencer Blessing Box,209 E. Fredrick St,Binghamton,NY,13904,"24/7 walk up pantry, call OR FB message for care package",Any,No,No,No,Leksi Sousouris,607-624-6119,stellaroseann93@yahoo.com,42.111779,-75.882084,1,rooftop,209,E Frederick St,,,Binghamton,NY,Broome County,13904,US,Broome
Blessing Boxes,Aunt Dot's Cupboard Food Pantry,41 Loughlin Rd Lot 17,Binghamton,NY,13904,"24/7 Call 607-727-1457, walk up or drive up",Any,Call 607-727-1457,No,No,Rev. Tim Page,607-727-1457,holychurchofchristbinghamton@aol.com,42.106447,-75.847577,1,rooftop,41,Loughlin Rd,Lot,17,Binghamton,NY,Broome County,13904,US,Broome
Blessing Boxes,Friends in Need Blessing Box,135 Baldwin St.,Johnson City,NY,13790,"24/7 walk up pantry, call OR FB message for care package",All Welcome: Facebook page: https://www.facebook.com/groups/561239215728488,May deliver care packages,No,No,Deanna Giordani,607-308-1416,1983pugsley1@gmail.com,42.111423,-75.957098,1,rooftop,135,Baldwin St,,,Johnson City,NY,Broome County,13790,US,Broome
Blessing Boxes,Friends in Need Blessing Box,20 Exchange St.,Binghamton,NY,13901,"24/7 walk up pantry, call OR FB message for care package",All Welcome: Facebook page: https://www.facebook.com/groups/561239215728488,May deliver care packages,No,No,Deanna Giordani,607-308-1416,1983pugsley1@gmail.com,42.095301,-75.908243,1,rooftop,20,Exchange St,,,Binghamton,NY,Broome County,13901,US,Broome
Blessing Boxes,Friends in Need Blessing Box,8 Munsel St,Binghamton,NY,13901,"24/7 walk up pantry, call OR FB message for care package",All Welcome: Facebook page: https://www.facebook.com/groups/561239215728488,May deliver care packages,No,No,Deanna Giordani,607-308-1416,1983pugsley1@gmail.com,42.107656,-75.902751,1,rooftop,8,Munsell St,,,Binghamton,NY,Broome County,13901,US,Broome
Blessing Boxes,Brandi's Blessing Box,1707 Riverview Dr.,Endicott,NY,13760,"24/7 walk up pantry, call OR FB message for care package",All Welcome: Facebook page: https://www.facebook.com/mombossdetailing,May deliver care packages,,,Brandi Pessagno,607-624-7182,Brandipessagno@gmail.com,42.098453,-76.040359,1,rooftop,1707,Riverview Dr,,,Endicott,NY,Broome County,13760,US,Broome
Blessing Boxes,Friends in Need Blessing Box,27 St. Charles St.,Johnson City,NY,13790,"24/7 walk up pantry, call OR FB message for care package",All Welcome: Facebook page: https://www.facebook.com/groups/561239215728488,May deliver care packages,,,Deanna Giordani,607-308-1416,1983pugsley1@gmail.com,42.11488,-75.961097,1,rooftop,27,St Charles St,,,Johnson City,NY,Broome County,13790,US,Broome
Blessing Boxes,Good Neighbors Blessing Box,533 Central St,Endicott,NY,13760,"24/7 walk up pantry, call OR FB message for care package",,,,,Krista Callis,607-444-2448,foodrunner26@gmail.com,42.099932,-76.056834,1,rooftop,533,Central St,,,Endicott,NY,Broome County,13760,US,Broome
Blessing Boxes,Good Neighbors Blessing Box,1013 Front St,Vestal,NY,13850,24/7 walk up Pantry,,,,,Krista Callis,607-444-2448,foodrunner26@gmail.com,42.080359,-76.069473,1,rooftop,1013,Front St,,,Vestal,NY,Broome County,13850,US,Broome
,,,,,,Hours of Operation,Call for Reservations,Meal Provided,Cost,,,,,0,0,0,,The query parameter is an empty string. Please supply a valid address.,,,,,,,,,
Senior Centers,Eastern Broome,27 Golden Ln.,Harpursville,NY,13787,Mon-Fri. 9AM-2:30PM,607-693-2069. Require a meal reservation by noon the day before,"Lunch at Noon, Mon.- Fri.","Suggested contribution of $3.50 for people over 60 and their spouse. No one over 60 will be denied a meal for inability to pay or contribute. However, people under 60 are charged a $4.50 per meal price.",,,607-693-2069,,42.17466,-75.623825,1,rooftop,27,Golden Ln,,,Harpursville,NY,Broome County,13787,US,Broome
Senior Centers,Deposit,14 Monument St.,Deposit,NY,13754,Tues. & Thurs 9AM-2PM,607-467-3953. Require a meal reservation by noon the day before,Lunch 12:30PM Tues. & Thurs.,"Suggested contribution of $3.50 for people over 60 and their spouse. No one over 60 will be denied a meal for inability to pay or contribute. However, people under 60 are charged a $4.50 per meal price.",,,607-467-3953,,42.06212,-75.420781,0.9,range_interpolation,14,Monument St,,,Deposit,NY,Delaware County,13754,US,TIGER/Line® dataset from the US Census Bureau
Senior Centers,Broome West,2801 Wayne St.,Endicott,NY,13760,Mon-Fri. 9AM-3PM,607-785-1777. Require a meal reservation by noon the day before,"Lunch at Noon, Mon.-Fri","Suggested contribution of $3.50 for people over 60 and their spouse. No one over 60 will be denied a meal for inability to pay or contribute. However, people under 60 are charged a $4.50 per meal price.",,,607-785-3427,,42.109677,-76.030832,1,rooftop,2801,Wayne St,,,Endicott,NY,Broome County,13760,US,Broome
Senior Centers,"First Ward, Binghamton",226 Clinton St.,Binghamton,NY,13905,Mon.-Fri 8:30AM-3:30PM,607-729-6214. Require a meal reservation by noon the day before,"Lunch at 11:45AM, Mon.- Fri.","Suggested contribution of $3.50 for people over 60 and their spouse. No one over 60 will be denied a meal for inability to pay or contribute. However, people under 60 are charged a $4.50 per meal price.",,,607-797-2307,,42.107043,-75.929977,1,rooftop,226,Clinton St,,,Binghamton,NY,Broome County,13905,US,Broome
Senior Centers,Northern Broome,12 Strongs Pl.,Whitney Point,NY,13862,Mon-Fri. 9AM-3PM,607-692-3405. Require a meal reservation by noon the day before,"Lunch at Noon, Mon.-Fri","Suggested contribution of $3.50 for people over 60 and their spouse. No one over 60 will be denied a meal for inability to pay or contribute. However, people under 60 are charged a $4.50 per meal price.",,,607-692-3405,,42.326651,-75.968047,1,rooftop,12,Strongs Pl,,,Whitney Point,NY,Broome County,13862,US,Broome
Senior Centers,North Shore Towers,24 Isbell St.,Binghamton,NY,13901,Mon-Fri. 10AM-2PM,607-772-6214. Require a meal reservation by noon the day before,"Lunch at Noon, Mon.-Fri","Suggested contribution of $3.50 for people over 60 and their spouse. No one over 60 will be denied a meal for inability to pay or contribute. However, people under 60 are charged a $4.50 per meal price.",,,607-772-6214,,42.096296,-75.9101,1,rooftop,24,Isbell St,,,Binghamton,NY,Broome County,13901,US,Broome
Senior Centers,Johnson City,30 Brocton St.,Johnson City,NY,13790,"Mon-Thurs 9AM-4PM, Friday 9AM-2PM",607-797-1149. Require a meal reservation by noon the day before,"Lunch at Noon, Mon.- Fri.","Suggested contribution of $3.50 for people over 60 and their spouse. No one over 60 will be denied a meal for inability to pay or contribute. However, people under 60 are charged a $4.50 per meal price.",,,607-797-1149,,42.118786,-75.954976,1,rooftop,30,Brocton St,,,Johnson City,NY,Broome County,13790,US,Broome
Senior Centers,Vestal,201 Main St.,Vestal,NY,13850,Mon-Fri. 9AM-2PM,607-754-9596. Require a meal reservation by noon the day before,"Lunch at 11:45AM, Mon.- Fri.","Suggested contribution of $3.50 for people over 60 and their spouse. No one over 60 will be denied a meal for inability to pay or contribute. However, people under 60 are charged a $4.50 per meal price.",,,607-754-9596,,42.084783,-76.051736,1,rooftop,201,Main St,,,Vestal,NY,Broome County,13850,US,Broome
Senior Centers,Chenango Bridge,740 River Rd.,Binghamton,NY,13901,Wednesday & Friday,607-648-4339. Require a meal reservation by noon the day before,Lunch on Wed and Fri,"Suggested contribution of $3.50 for people over 60 and their spouse. No one over 60 will be denied a meal for inability to pay or contribute. However, people under 60 are charged a $4.50 per meal price.",,,607-648-4339,,42.166725,-75.86478,1,rooftop,740,River Rd,,,Binghamton,NY,Broome County,13901,US,Broome
,,,,,,,,,,,,,,0,0,0,,The query parameter is an empty string. Please supply a valid address.,,,,,,,,,
Summer Meal Sites,Deposit Central School,171 Second St,Deposit,NY,13754,"July 10th -August 24th,  Monday-Thursday Bfast 8:00-8:30 AM & Lunch 10:30 AM - 1:00 PM",,,,,Lori Wheeler,607-467-5507,lwheeler@deposit.stier.org,42.066755,-75.41901,1,rooftop,171,2nd St,,,Deposit,NY,Delaware County,13754,US,"NYS GIS Program Office, State Geographic Information Officer (GIO)"
Summer Meal Sites,Harpursville Central School,54 Main St,Harpursville,NY,13787,"July 10th - August 3rd,  Monday-Thursday:  Bfast 7:45-9:00 AM  Lunch 10:45 AM - 12:15 PM",,,,,Norene Tasbar,607-693-8126,ntasber@btboces.org,42.181922,-75.621887,1,rooftop,54,Main St,,,Harpursville,NY,Broome County,13787,US,Broome
Summer Meal Sites,Maine Memorial,2693 Main St,Maine,NY,13802,"July 10th - August 18th, Monday-Friday:  Bfast 7:30-9:30 AM  Lunch 11:00 AM - 12:00 PM",,,,,Jessica Brown,607-786-8211,jbrown@btboces.org,42.200716,-76.058341,0.9,rooftop,2693,Main St,,,Endicott,NY,Broome County,13760,US,Broome
Summer Meal Sites,Maine Summer Recreation,"Town of Maine Park, 2693 State Route26",Maine,NY,13802,"July 10th - August 11th, Monday - Friday: Bfast 9:00-10:00 AM  Lunch: 12:00 - 1:00 PM",,,,,Christa Munley,607-621-7542,mainerecreation@gmail.com,42.194602,-76.060374,0.9,range_interpolation,2693,State Rte 26,,,Maine,NY,Broome County,13802,US,TIGER/Line® dataset from the US Census Bureau
Summer Meal Sites,Highland Park - Summer Fun Program,"Highland Park, 801 Hooper Rd.",Endwell,NY,13760,"July 5th - August 11th, Monday - Friday:  Bfast:  9:00 - 9:30 AM  Lunch:  11:30 AM - 12:30 PM",,,,,Chris Hinkey,607-221-3536,chinkey@townofunion.com,42.126691,-76.029547,1,rooftop,801,Hooper Rd,,,Endicott,NY,Broome County,13760,US,Broome
Summer Meal Sites,ABC Childcare & Learning Center,546 Hooper Rd.,Endwell,NY,13760,"July 5th - August 25th, Monday - Friday:  Bfast: 8:00 - 8:30 AM  Lunch:  12 - 12:30 PM",,,,,C Vakili,607-748-3334,cvakili@abcchildcare.us,42.119963,-76.01896,1,rooftop,546,Hooper Rd,,,Endicott,NY,Broome County,13760,US,Broome
Summer Meal Sites,Jennie F. Snapp Middle School,101 Loder Ave,Endicott,NY,13760,"July 17th - August 10th, Monday - Thursday:  Bfast: 8:00 - 8:30 AM  Lunch:  11:30 - 12:00 PM",,,,,Teresa McKinney,607-757-2191,tmckinne@uek12.org,42.097466,-76.061879,0.9,rooftop,101,S Loder Ave,,,Endicott,NY,Broome County,13760,US,Broome
Summer Meal Sites,Southern Tier Community Center,1 Clubhouse Rd,Endicott,NY,13760,"July 5th - August 25th, Monday - Friday:  Bfast: 7:00 - 9:00 AM  Lunch:  11 - 2:00 PM",,,,,Nicole Golden Thomas,607-349-7242,ngoldenthomas@chowc.org,42.097538,-76.044892,1,rooftop,1,Clubhouse Rd,,,Endicott,NY,Broome County,13760,US,Broome
Summer Meal Sites,St. Anthony's Learning Center,906 Jenkins St,Endicott,NY,13760,"July 3rd - August 25th, Monday - Friday:  Bfast 8:45 - 9:30 AM  Lunch:  11 - 12:45PM",,,,,Robin Gorman,607-748-5184,tlcorbin@stny.rr.com,42.112444,-76.051741,1,rooftop,906,Jenkins St,,,Endicott,NY,Broome County,13760,US,Broome
Summer Meal Sites,Union Endicott High School,1200 E. Main St. ,Endicott,NY,13760,"July 17th - August 10th, Monday - Thursday:  Bfast: 8:00 - 8:30 AM  Lunch:  11:30 - 12:00 PM",,,,,Teresa McKinney,607-757-2191,tmckinne@uek12.org,42.097879,-76.048409,1,rooftop,1200,E Main St,,,Endicott,NY,Broome County,13760,US,Broome
Summer Meal Sites,Palmer/Middle School,213 Main St,Endicott,NY,13760,"July 3rd - August 3rd, Monday - Thursday  Bfast:  8:30 - 9:30 AM  Lunch:  11:00 - 12:00 PM",,,,,Jessica Ferris,607-655-8257,jferris@windsor-csd.org,42.095263,-76.067424,0.9,range_interpolation,213,W Main St,,,Endicott,NY,Broome County,13760,US,TIGER/Line® dataset from the US Census Bureau
Summer Meal Sites,Windsor High School,1191 NY Route 79,Windsor,NY,13865,"July 10th - August 17th, Monday-Thursday  Bfast 8:00 - 9:00 AM  Lunch:  11:00AM - 12:00 PM",,,,,,,,42.066399,-75.642354,1,rooftop,1191,State Rte 79,,,Windsor,NY,Broome County,13865,US,Broome
Summer Meal Sites,Whitney Point Daycare,2496 W. Main St,Whitney Point,NY,13862,"July 10th - August 18th, Monday-Friday:  Bfast 8:00-9:00 AM  Lunch 11:00 AM - 12:00 PM",,,,,,,,42.331239,-75.977457,1,rooftop,2496,W Main St,,,Whitney Point,NY,Broome County,13862,US,Broome
Summer Meal Sites,Tioughnioga Riverside Academy,2887 NYS Route 11,Whitney Point,NY,13862,"July 10th - August 17th, Monday-Thursday  Bfast 8:00 - 9:00 AM  Lunch:  11:00AM - 12:00 PM",,,,,,,,42.332741,-75.970813,1,rooftop,2887,State Rte 11,,,Whitney Point,NY,Broome County,13862,US,Broome
,,,,,,,,,,,,,,0,0,0,,The query parameter is an empty string. Please supply a valid address.,,,,,,,,,
,SUMMER MEAL SITES:  CITY OF BINGHAMTON,,,,,,,,,,,,,0,0,0,,The query parameter is an empty string. Please supply a valid address.,,,,,,,,,
Summer Meal Sites,Ben Franklin Elementary School,262 Conklin Ave,Binghamton,NY,13903,"July 10th - August 3rd,  Monday-Thursday:  Bfast 8:00-8:30 AM  Lunch 12:00 - 12:30 PM",,,,,,,,42.094736,-75.890955,1,rooftop,262,Conklin Ave,,,Binghamton,NY,Broome County,13903,US,Broome
Summer Meal Sites,Binghamton Branch YMCA,61 Susquehanna St,Binghamton,NY,13901,"July 5th - August 25th, Monday - Friday:  Bfast: 8:00 - 9:15 AM  Lunch:  11:30 - 12:30 PM",,,,,,,,42.095665,-75.910962,1,rooftop,61,Susquehanna St,,,Binghamton,NY,Broome County,13901,US,Broome
Summer Meal Sites,Binghamton High School,31 Main St.,Binghamton,NY,13905,"July 17th - August 10th, Monday - Thursday:  Bfast: 8:00 - 8:30 AM  Lunch:  11:30 - 12:15 PM",,,,,,,,42.09817,-75.91913,1,rooftop,31,Main St,,,Binghamton,NY,Broome County,13905,US,Broome
Summer Meal Sites,B&G Club of Binghamton,90 Clinton St,Binghamton,NY,13905,"July 5th - August 25th, Monday - Friday:  Bfast: 9:00 - 10:00 AM  Lunch:  12:00 - 1:00 PM",,,,,,,,42.105333,-75.921222,1,rooftop,90,Clinton St,,,Binghamton,NY,Broome County,13905,US,Broome
Summer Meal Sites,B.C. Urban League,1 Chrisfield Ave @ Two Rivers Church,Johnson City,NY,13790,"July 10th - August 18th, Monday-Friday:  Bfast 8:30-9:30 AM  Lunch 12:00  - 12:30 PM",,,,,,,,42.105871,-75.966631,0.95,rooftop,1,Chris Field Ave,,,Johnson City,NY,Broome County,13790,US,Broome
Summer Meal Sites,Calvin Coolidge Elementary,261 Robinson St,Binghamton,NY,13904,"July 10th - August 17th, Monday-Thursday  Bfast 8:45 - 9:15 AM  Lunch:  11:15AM - 12:15 PM",,,,,,,,42.108737,-75.880171,1,rooftop,261,Robinson St,,,Binghamton,NY,Broome County,13904,US,Broome
Summer Meal Sites,Carlisle Community Center,150 Moeller St,Binghamton,NY,13904,"July 5th - August 25th, Monday - Friday:  Bfast: 10:00 - 11:00 AM  Lunch:  1:00 - 2:00 PM",,,,,,,,42.116618,-75.887502,1,rooftop,150,Moeller St,,,Binghamton,NY,Broome County,13904,US,Broome
Summer Meal Sites,Cheri Lindsey Park,1 Pleasant St,Binghamton,NY,13901,"July 5th - August 11th, Monday - Friday:  Bfast:  9:00 - 9:30 AM  Lunch:  11:30 AM - 12:00 PM",,,,,,,,42.112541,-75.904016,1,rooftop,1,Pleasant St,,,Binghamton,NY,Broome County,13901,US,Broome
Summer Meal Sites,Cole Park Club Scout Day Camp,1674 Colesville Rd,Harpursville,NY,13787,"July 24th - July 28th, Monday - Friday:  LUNCH 11:45-1:25 PM",,,,,,,,42.144281,-75.70698,1,rooftop,1674,Colesville Rd,,,Harpursville,NY,Broome County,13787,US,Broome
Summer Meal Sites,Columbus Park,46 Carroll St,Binghamton,Ny,13901,"July 5th - August 11th, Monday - Friday:  Bfast:  9:00 - 9:30 AM  Lunch:  11:30 AM - 12:00 PM",,,,,,,,42.100034,-75.9079,1,range_interpolation,46,Carroll St,,,Binghamton,NY,Broome County,13901,US,TIGER/Line® dataset from the US Census Bureau
Summer Meal Sites,East Middle School,167 E. Fredrick St,Binghamton,NY,13904,"July 10th - August 3rd,  Monday-Thursday:  Bfast 8:30-9:00 AM  Lunch 12:00 - 12:30 PM",,,,,,,,42.113543,-75.88497,1,rooftop,167,E Frederick St,,,Binghamton,NY,Broome County,13904,US,Broome
Summer Meal Sites,BOCES Area Center,435 Glenwood Rd,Binghamton,Ny ,13905,"July 5th - August 18th, Monday-Friday:  Bfast 7:45 - 9:30AM  Lunch 10:45 - 1:00PM",,,,,,,,42.12973,-75.931824,1,rooftop,435,Glenwood Rd,,,Binghamton,NY,Broome County,13905,US,Broome
Summer Meal Sites,Johnson City Elem/middle School,601 Columbia Dr,Johnson City,NY,13790,"July 10th - August 25th, Monday - Friday:  Bfast 9:15-9:30AM   Lunch 11:55 - 12:15PM",,,,,,,,42.136223,-75.961717,1,rooftop,601,Columbia Dr,,,Johnson City,NY,Broome County,13790,US,Broome
Summer Meal Sites,Johnson City High School,666 Reynolds Rd,Johnson City,NY,13790,"July 10th - August 25th, Monday - Friday:  Bfast 9:15-9:30AM   Lunch 11:55 - 12:15PM",,,,,,,,42.13453,-75.968664,1,rooftop,666,Reynolds Rd,,,Johnson City,NY,Broome County,13790,US,Broome
Summer Meal Sites,Lee Barta Community Center,108 Liberty St,Binghamton,NY,13901,"July 11th - August 24th, Tuesday and Thursday LUNCH:  11:00-12:00 PM",,,,,,,,42.109163,-75.89955,1,rooftop,108,Liberty St,,,Binghamton,NY,Broome County,13901,US,Broome
Summer Meal Sites,MacArthur Elem. School,1123 Vestal Ave,Binghamton,NY,13903,"July 10th - August 3rd,  Monday-Thursday:  Bfast 8:30-9:00 AM  Lunch 12:00 - 12:30 PM",,,,,,,,42.087084,-75.92031,1,rooftop,1123,Vestal Ave,,,Binghamton,NY,Broome County,13903,US,Broome
Summer Meal Sites,Phelps Park,600 State St,Binghamton,NY,13901,"July 10th - August 11th, Monday - Friday: Bfast 9:00-9:30 AM  Lunch: 12:30 - 1:00 PM",,,,,,,,42.117401,-75.896974,1,range_interpolation,600,State St,,,Binghamton,NY,Broome County,13901,US,TIGER/Line® dataset from the US Census Bureau
Summer Meal Sites,Police Athletic Leagues,536 Stratmill Rd,Binghamton,NY,13904,"July 10th - August 11th, Monday - Friday: Bfast 9:15-10:15 AM  Lunch: 12:15 - 1:15 PM",,,,,,,,42.138673,-75.82682,1,rooftop,536,Stratmill Rd,,,Binghamton,NY,Broome County,13904,US,Broome
Summer Meal Sites,Saratoga Community Center,60 Saratoga Ave,Binghamton,Ny,13903,"July 5th - August 25th, Monday - Friday:  Bfast: 10:00 - 11:00 AM  Lunch:  1:30 - 2:00 PM",,,,,,,,42.098466,-75.877946,1,rooftop,60,Saratoga Ave,,,Binghamton,NY,Broome County,13903,US,Broome
Summer Meal Sites,Susq. Valley High School,1040 Conklin Rd,Conklin ,NY ,13748,"July 10th - August 3rd,  Monday-Thursday:  Bfast 8:45-9:15 AM  Lunch 12:30 - 1:00 PM",,,,,,,,42.077289,-75.823958,1,rooftop,1040,Conklin Rd,,,Conklin,NY,Broome County,13748,US,Broome
Summer Meal Sites,Thomas Jefferson Elem. School,151 Helen St,Binghamton,NY,13905,"July 10th - August 3rd,  Monday-Thursday:  Bfast 8:30-9:00 AM  Lunch 12:00 - 12:30 PM",,,,,,,,42.104959,-75.939764,1,rooftop,151,Helen St,,,Binghamton,NY,Broome County,13905,US,Broome
Summer Meal Sites,Webster Street Park,95 Jackson St,Binghamton,NY,13903,"July 5th - August 11th, Monday - Friday:  Bfast:  9:00 - 9:30 AM  Lunch:  11:30 AM - 12:00 PM",,,,,,,,42.098688,-75.89176,1,range_interpolation,95,Jackson St,,,Binghamton,NY,Broome County,13903,US,TIGER/Line® dataset from the US Census Bureau
Summer Meal Sites,West Family Branch YMCA,740 Main St,Johnson City,NY  ,13790,"July 5th - August 25th, Monday - Friday:  Bfast: 8:00 - 9:15 AM  Lunch:  11:30 - 12:30 PM",,,,,,,,42.116395,-75.978378,1,rooftop,740,Main St,,,Johnson City,NY,Broome County,13790,US,Broome
Summer Meal Sites,West Middle School,West Middle Ave,Binghamton,NY,13905,"July 10th - August 3rd,  Monday-Thursday:  Bfast 8:30-9:00 AM  Lunch 12:00 - 12:30 PM",,,,,,,,42.173709,-75.922159,0.5,place,,,,,Binghamton,NY,Broome County,13905,US,TIGER/Line® dataset from the US Census Bureau
Summer Meal Sites,Family Enrichment Network,24 Cherry St,Johnson City,NY,13790,"July 12th - August 18th, Monday-Friday:  Bfast 8:00-8:30AM, Lunch 11:30 - 12:30 PM *We serve any adult who is accompanying a child to the meal site",,,,,,,,42.109698,-75.955871,1,rooftop,24,Cherry St,,,Johnson City,NY,Broome County,13790,US,Broome
Summer Meal Sites,Catholic Charties,100 Main St,Binghamton,NY,13905,"June 26th - August 4th, Monday - Friday:  M,W,TH, F:  9-11:30 & 1-3:30  Tuesdays 1-3:30  GRAB AND GO!  Children Birth-17   Must reside in Broome.  1 food bag per week per child.",,,,,,,,42.100977,-75.925671,1,rooftop,100,Main St,,,Binghamton,NY,Broome County,13905,US,Broome
